chain,v_gene,d_gene,j_gene,c_gene,cdr3_nt,cdr3_aa,A,R,VAC,WT,BLANK,A,R,WT,,,A,R,WT
IGL,IGLV1,,IGLJ1,IGLC1,TGTGCTCTATGGTACAGCAACCATTGGGTGTTC,CALWYSNHWVF,0,0.000888889,0.003058104,0.003163968,,-0.003058104,-0.002169215,0.000105864,,,-0.003058104,-0.002169215,0.000105864
IGK,IGKV1-110,,IGKJ2,IGKC,TGCTCTCAAAGTACACATGTTCCGTACACGTTC,CSQSTHVPYTF,0,0,0.003058104,0.002419505,,-0.003058104,-0.003058104,-0.000638599,,,-0.003058104,-0.003058104,-0.000638599
IGK,IGKV1-135,,IGKJ1,IGKC,TGCTGGCAAGGTACACATTTTCCTCAGACGTTC,CWQGTHFPQTF,0.000325203,0.000888889,0.003058104,0.001861158,,-0.002732901,-0.002169215,-0.001196946,,,-0.002732901,-0.002169215,-0.001196946
IGK,IGKV6-15,,IGKJ2,IGKC,TGTCAGCAATATAACAGCTATCCGTACACGTTC,CQQYNSYPYTF,0,0.001777778,0.002803262,0.002605621,,-0.002803262,-0.001025484,-0.000197641,,,-0.002803262,-0.001025484,-0.000197641
IGK,IGKV10-96,,IGKJ2,IGKC,TGCCAACAGGGTAATACGCTTCCGTACACGTTC,CQQGNTLPYTF,0,0.000888889,0.002293578,0.001861158,,-0.002293578,-0.001404689,-0.00043242,,,-0.002293578,-0.001404689,-0.00043242
IGK,IGKV12-44,,IGKJ5,IGKC,TGTCAACATCATTATGGTACTCCGCTCACGTTC,CQHHYGTPLTF,0.000650407,0,0.002293578,0.000372232,,-0.001643171,-0.002293578,-0.001921346,,,-0.001643171,-0.002293578,-0.001921346
IGK,IGKV10-96,,IGKJ1,IGKC,TGCCAACAGGGTAATACGCTTCCGTGGACGTTC,CQQGNTLPWTF,0.000650407,0,0.002038736,0.0035362,,-0.001388329,-0.002038736,0.001497464,,,-0.001388329,-0.002038736,0.001497464
IGK,IGKV1-117,,IGKJ4,IGKC,TGCTTTCAAGGTTCACATGTTCCATTCACGTTC,CFQGSHVPFTF,0,0.002666667,0.002038736,0.002047273,,-0.002038736,0.000627931,8.537E-06,,,-0.002038736,0.000627931,8.537E-06
IGK,IGKV1-110,,IGKJ1,IGKC,TGCTCTCAAAGTACACATGTTCCGTGGACGTTC,CSQSTHVPWTF,0.00097561,0,0.002038736,0.001675042,,-0.001063126,-0.002038736,-0.000363694,,,-0.001063126,-0.002038736,-0.000363694
IGL,IGLV2,,IGLJ2,IGLC2,TGTGCTCTATGGTACAGCACCCATTATGTTTTC,CALWYSTHYVF,0.000650407,0,0.002038736,0.001675042,,-0.001388329,-0.002038736,-0.000363694,,,-0.001388329,-0.002038736,-0.000363694
IGK,IGKV1-135,,IGKJ2,IGKC,TGCTGGCAAGGTACACATTTTCCGTACACGTTC,CWQGTHFPYTF,0,0.000888889,0.002038736,0.000930579,,-0.002038736,-0.001149847,-0.001108157,,,-0.002038736,-0.001149847,-0.001108157
IGK,IGKV1-117,,IGKJ2,IGKC,TGCTTTCAAGGTTCACATGTTCCGTACACGTTC,CFQGSHVPYTF,0,0.000888889,0.001783894,0.0035362,,-0.001783894,-0.000895005,0.001752306,,,-0.001783894,-0.000895005,0.001752306
IGK,IGKV1-135,,IGKJ1,IGKC,TGCTGGCAAGGTACACATTTTCCTCGGACGTTC,CWQGTHFPRTF,0.000650407,0.000888889,0.001783894,0.001675042,,-0.001133487,-0.000895005,-0.000108852,,,-0.001133487,-0.000895005,-0.000108852
IGK,IGKV1-117,,IGKJ1,IGKC,TGCTTTCAAGGTTCACATGTTCCGTGGACGTTC,CFQGSHVPWTF,0.000650407,0.001777778,0.001783894,0.001116695,,-0.001133487,-6.116E-06,-0.000667199,,,-0.001133487,-6.116E-06,-0.000667199
IGK,IGKV6-17,,IGKJ1,IGKC,TGTCAGCAACATTATAGTACTCCGTGGACGTTC,CQQHYSTPWTF,0.000325203,0,0.001783894,0.000372232,,-0.001458691,-0.001783894,-0.001411662,,,-0.001458691,-0.001783894,-0.001411662
IGK,IGKV17-127,,IGKJ2,IGKC,TGTTTGCAAAGTGATAACATGCCGTACACGTTC,CLQSDNMPYTF,0,0,0.001529052,0.002419505,,-0.001529052,-0.001529052,0.000890453,,,-0.001529052,-0.001529052,0.000890453
IGK,IGKV3-4,,IGKJ2,IGKC,TGTCAGCAAAGTAATGAGGATCCGTACACGTTC,CQQSNEDPYTF,0.000325203,0,0.001529052,0.001675042,,-0.001203849,-0.001529052,0.00014599,,,-0.001203849,-0.001529052,0.00014599
IGK,IGKV17-121,,IGKJ4,IGKC,TGTTTGCAAAGTGATAACTTGCCTCTCACGTTC,CLQSDNLPLTF,0,0.000888889,0.001529052,0.00130281,,-0.001529052,-0.000640163,-0.000226242,,,-0.001529052,-0.000640163,-0.000226242
IGK,IGKV1-110,,IGKJ5,IGKC,TGCTCTCAAAGTACACATGTTCCGCTCACGTTC,CSQSTHVPLTF,0.000650407,0,0.001529052,0.001116695,,-0.000878645,-0.001529052,-0.000412357,,,-0.000878645,-0.001529052,-0.000412357
IGK,IGKV4-59,,IGKJ2,IGKC,TGCCAGCAGTGGAGTAGTAACCCACCCACGTTC,CQQWSSNPPTF,0.000325203,0.000888889,0.001529052,0.001116695,,-0.001203849,-0.000640163,-0.000412357,,,-0.001203849,-0.000640163,-0.000412357
IGK,IGKV1-117,,IGKJ5,IGKC,TGCTTTCAAGGTTCACATGTTCCGCTCACGTTC,CFQGSHVPLTF,0.000325203,0,0.001529052,0.000930579,,-0.001203849,-0.001529052,-0.000598473,,,-0.001203849,-0.001529052,-0.000598473
IGK,IGKV12-44,,IGKJ2,IGKC,TGTCAACATCATTATGGTACTCCGTACACGTTC,CQHHYGTPYTF,0,0.000888889,0.001529052,0.000930579,,-0.001529052,-0.000640163,-0.000598473,,,-0.001529052,-0.000640163,-0.000598473
IGK,IGKV9-120,,IGKJ1,IGKC,TGTCTACAATATGCTAGTTCTCCGTGGACGTTC,CLQYASSPWTF,0,0.000888889,0.001529052,0.000930579,,-0.001529052,-0.000640163,-0.000598473,,,-0.001529052,-0.000640163,-0.000598473
IGK,IGKV4-71,,IGKJ5,IGKC,TGCCAGCAGTGGAGTAGTAACCCGCTCACGTTC,CQQWSSNPLTF,0.00097561,0.001777778,0.001529052,0.000744463,,-0.000553442,0.000248726,-0.000784589,,,-0.000553442,0.000248726,-0.000784589
IGK,IGKV8-24,,IGKJ2,IGKC,TGTCAGCAACATTATAGCACTCCGTACACGTTC,CQQHYSTPYTF,0.000325203,0.000888889,0.001529052,0.000558347,,-0.001203849,-0.000640163,-0.000970705,,,-0.001203849,-0.000640163,-0.000970705
IGL,IGLV3,,IGLJ2,IGLC3,TGTGGTGTGGGTGATACAATTAAGGAACAATTTGTGTATGTTTTC,CGVGDTIKEQFVYVF,0.000325203,0,0.001529052,0.000558347,,-0.001203849,-0.001529052,-0.000970705,,,-0.001203849,-0.001529052,-0.000970705
IGK,IGKV3-4,,IGKJ1,IGKC,TGTCAGCAAAGTAATGAGGATCCGTGGACGTTC,CQQSNEDPWTF,0.001626016,0,0.00127421,0.003163968,,0.000351806,-0.00127421,0.001889758,,,0.000351806,-0.00127421,0.001889758
IGK,IGKV6-15,,IGKJ5,IGKC,TGTCAGCAATATAACAGCTATCCTCTCACGTTC,CQQYNSYPLTF,0.000325203,0.001777778,0.00127421,0.002605621,,-0.000949007,0.000503568,0.001331411,,,-0.000949007,0.000503568,0.001331411
IGK,IGKV17-127,,IGKJ5,IGKC,TGTTTGCAAAGTGATAACATGCCTCTCACGTTC,CLQSDNMPLTF,0.000325203,0,0.00127421,0.001861158,,-0.000949007,-0.00127421,0.000586948,,,-0.000949007,-0.00127421,0.000586948
IGK,IGKV1-135,,IGKJ1,IGKC,TGCTGGCAAGGTACACATTTTCCGTGGACGTTC,CWQGTHFPWTF,0,0.001777778,0.00127421,0.000930579,,-0.00127421,0.000503568,-0.000343631,,,-0.00127421,0.000503568,-0.000343631
IGK,IGKV13-85,,IGKJ2,IGKC,TGTCAACAGTATTGGAGTACTCCGTACACGTTC,CQQYWSTPYTF,0,0,0.00127421,0.000930579,,-0.00127421,-0.00127421,-0.000343631,,,-0.00127421,-0.00127421,-0.000343631
IGK,IGKV19-93,,IGKJ1,IGKC,TGTCTACAGTATGATAATCTGTGGACGTTC,CLQYDNLWTF,0.000650407,0,0.00127421,0.000930579,,-0.000623803,-0.00127421,-0.000343631,,,-0.000623803,-0.00127421,-0.000343631
IGL,IGLV1,,IGLJ1,IGLC1,TGTGCTCTATGGTACAGCAACCATTTGGTGTTC,CALWYSNHLVF,0,0.000888889,0.00127421,0.000930579,,-0.00127421,-0.000385321,-0.000343631,,,-0.00127421,-0.000385321,-0.000343631
IGK,IGKV2-137,,IGKJ2,IGKC,TGTATGCAACATCTAGAATATCCGTACACGTTC,CMQHLEYPYTF,0.000325203,0.002666667,0.00127421,0.000744463,,-0.000949007,0.001392457,-0.000529747,,,-0.000949007,0.001392457,-0.000529747
IGK,IGKV1-110,,IGKJ4,IGKC,TGCTCTCAAAGTACACATGTTCCATTCACGTTC,CSQSTHVPFTF,0,0.000888889,0.00127421,0.000558347,,-0.00127421,-0.000385321,-0.000715863,,,-0.00127421,-0.000385321,-0.000715863
IGK,IGKV3-4,,IGKJ1,IGKC,TGTCAGCAAAGTAATGAGGATCCTCGGACGTTC,CQQSNEDPRTF,0.000325203,0,0.00127421,0.000558347,,-0.000949007,-0.00127421,-0.000715863,,,-0.000949007,-0.00127421,-0.000715863
IGK,IGKV3-10,,IGKJ2,IGKC,TGTCAGCAAAATAATGAGGATCCGTACACGTTC,CQQNNEDPYTF,0,0,0.00127421,0.000372232,,-0.00127421,-0.00127421,-0.000901978,,,-0.00127421,-0.00127421,-0.000901978
IGK,IGKV12-46,,IGKJ2,IGKC,TGTCAACATTTTTGGGGTACTCCGTACACGTTC,CQHFWGTPYTF,0.000650407,0,0.001019368,0.002233389,,-0.000368961,-0.001019368,0.001214021,,,-0.000368961,-0.001019368,0.001214021
IGK,IGKV3-2,,IGKJ2,IGKC,TGTCAGCAAAGTAAGGAGGTTCCGTACACGTTC,CQQSKEVPYTF,0.000325203,0,0.001019368,0.000930579,,-0.000694165,-0.001019368,-8.8789E-05,,,-0.000694165,-0.001019368,-8.8789E-05
IGK,IGKV6-17,,IGKJ5,IGKC,TGTCAGCAACATTATAGTACTCCGCTCACGTTC,CQQHYSTPLTF,0.000325203,0,0.001019368,0.000930579,,-0.000694165,-0.001019368,-8.8789E-05,,,-0.000694165,-0.001019368,-8.8789E-05
IGK,IGKV1-110,,IGKJ1,IGKC,TGCTCTCAAAGTACACATGTTCCTCGGACGTTC,CSQSTHVPRTF,0,0,0.001019368,0.000744463,,-0.001019368,-0.001019368,-0.000274905,,,-0.001019368,-0.001019368,-0.000274905
IGK,IGKV5-48,,IGKJ2,IGKC,TGTCAACAAAGTAATAGCTGGCCGTACACGTTC,CQQSNSWPYTF,0.000325203,0,0.001019368,0.000744463,,-0.000694165,-0.001019368,-0.000274905,,,-0.000694165,-0.001019368,-0.000274905
IGK,IGKV6-15,,IGKJ5,IGKC,TGTCAGCAATATAACAGCTATCCGCTCACGTTC,CQQYNSYPLTF,0.000325203,0,0.001019368,0.000744463,,-0.000694165,-0.001019368,-0.000274905,,,-0.000694165,-0.001019368,-0.000274905
IGK,IGKV13-85,,IGKJ4,IGKC,TGTCAACAGTATTGGAGTACTCCATTCACGTTC,CQQYWSTPFTF,0,0,0.001019368,0.000558347,,-0.001019368,-0.001019368,-0.000461021,,,-0.001019368,-0.001019368,-0.000461021
IGK,IGKV19-93,,IGKJ1,IGKC,TGTCTACAGTATGATAATCTTCGGACGTTC,CLQYDNLRTF,0,0,0.001019368,0.000558347,,-0.001019368,-0.001019368,-0.000461021,,,-0.001019368,-0.001019368,-0.000461021
IGK,IGKV5-39,,IGKJ2,IGKC,TGTCAAAATGGTCACAGCTTTCCGTACACGTTC,CQNGHSFPYTF,0.000650407,0,0.001019368,0.000558347,,-0.000368961,-0.001019368,-0.000461021,,,-0.000368961,-0.001019368,-0.000461021
IGK,IGKV10-96,,IGKJ1,IGKC,TGCCAACAGGGTAATACGCTTCCTCCGACGTTC,CQQGNTLPPTF,0,0,0.001019368,0.000372232,,-0.001019368,-0.001019368,-0.000647136,,,-0.001019368,-0.001019368,-0.000647136
IGK,IGKV15-103,,IGKJ5,IGKC,TGTCAACAGGGTCAAAGTTATCCTCTCACGTTC,CQQGQSYPLTF,0.000325203,0.000888889,0.001019368,0.000372232,,-0.000694165,-0.000130479,-0.000647136,,,-0.000694165,-0.000130479,-0.000647136
IGK,IGKV9-120,,IGKJ5,IGKC,TGTCTACAATATGCTAGTTCTCCGCTCACGTTC,CLQYASSPLTF,0.000325203,0,0.001019368,0.000372232,,-0.000694165,-0.001019368,-0.000647136,,,-0.000694165,-0.001019368,-0.000647136
IGK,IGKV8-19,,IGKJ5,IGKC,TGTCAGAATGATTATAGTTATCCGCTCACGTTC,CQNDYSYPLTF,0,0,0.000764526,0.002419505,,-0.000764526,-0.000764526,0.001654979,,,-0.000764526,-0.000764526,0.001654979
IGK,IGKV12-46,,IGKJ1,IGKC,TGTCAACATTTTTGGGGTACTCCGTGGACGTTC,CQHFWGTPWTF,0,0,0.000764526,0.001675042,,-0.000764526,-0.000764526,0.000910516,,,-0.000764526,-0.000764526,0.000910516
IGK,IGKV14-111,,IGKJ2,IGKC,TGTCTACAGTATGATGAGTTTCCGTACACGTTC,CLQYDEFPYTF,0.000325203,0,0.000764526,0.001488926,,-0.000439323,-0.000764526,0.0007244,,,-0.000439323,-0.000764526,0.0007244
IGK,IGKV9-120,,IGKJ2,IGKC,TGTCTACAATATGCTAGTTCTCCGTACACGTTC,CLQYASSPYTF,0,0.000888889,0.000764526,0.001488926,,-0.000764526,0.000124363,0.0007244,,,-0.000764526,0.000124363,0.0007244
IGK,IGKV3-4,,IGKJ4,IGKC,TGTCAGCAAAGTAATGAGGATCCATTCACGTTC,CQQSNEDPFTF,0.000650407,0,0.000764526,0.00130281,,-0.000114119,-0.000764526,0.000538284,,,-0.000114119,-0.000764526,0.000538284
IGK,IGKV10-94,,IGKJ1,IGKC,TGTCAGCAGTATAGTAAGCTTCCGTGGACGTTC,CQQYSKLPWTF,0.000325203,0,0.000764526,0.001116695,,-0.000439323,-0.000764526,0.000352169,,,-0.000439323,-0.000764526,0.000352169
IGK,IGKV8-24,,IGKJ5,IGKC,TGTCAGCAACATTATAGCACTCCGCTCACGTTC,CQQHYSTPLTF,0,0,0.000764526,0.001116695,,-0.000764526,-0.000764526,0.000352169,,,-0.000764526,-0.000764526,0.000352169
IGK,IGKV8-27,,IGKJ2,IGKC,TGTCATCAATACCTCTCCTCGTACACGTTC,CHQYLSSYTF,0,0,0.000764526,0.001116695,,-0.000764526,-0.000764526,0.000352169,,,-0.000764526,-0.000764526,0.000352169
IGK,IGKV2-109,,IGKJ2,IGKC,TGTGCTCAAAATCTAGAACTTCCGTACACGTTC,CAQNLELPYTF,0.000325203,0.000888889,0.000764526,0.000930579,,-0.000439323,0.000124363,0.000166053,,,-0.000439323,0.000124363,0.000166053
IGK,IGKV4-59,,IGKJ5,IGKC,TGCCAGCAGTGGAGTAGTAACCCACTCACGTTC,CQQWSSNPLTF,0,0,0.000764526,0.000930579,,-0.000764526,-0.000764526,0.000166053,,,-0.000764526,-0.000764526,0.000166053
IGK,IGKV6-17,,IGKJ2,IGKC,TGTCAGCAACATTATAGTACTCCGTACACGTTC,CQQHYSTPYTF,0.000325203,0.000888889,0.000764526,0.000930579,,-0.000439323,0.000124363,0.000166053,,,-0.000439323,0.000124363,0.000166053
IGK,IGKV6-25,,IGKJ1,IGKC,TGTCAGCAACATTATAGCACTCCGTGGACGTTC,CQQHYSTPWTF,0.000325203,0.000888889,0.000764526,0.000930579,,-0.000439323,0.000124363,0.000166053,,,-0.000439323,0.000124363,0.000166053
IGK,IGKV10-96,,IGKJ1,IGKC,TGCCAACAGGGTAATACGCTTCCTCGGACGTTC,CQQGNTLPRTF,0.000325203,0.000888889,0.000764526,0.000744463,,-0.000439323,0.000124363,-0.000020063,,,-0.000439323,0.000124363,-0.000020063
IGK,IGKV2-137,,IGKJ4,IGKC,TGTATGCAACATCTAGAATATCCTTTCACGTTC,CMQHLEYPFTF,0,0.000888889,0.000764526,0.000744463,,-0.000764526,0.000124363,-0.000020063,,,-0.000764526,0.000124363,-0.000020063
IGK,IGKV5-43,,IGKJ2,IGKC,TGTCAACAGAGTAACAGCTGGCCGTACACGTTC,CQQSNSWPYTF,0,0,0.000764526,0.000744463,,-0.000764526,-0.000764526,-0.000020063,,,-0.000764526,-0.000764526,-0.000020063
IGK,IGKV6-23,,IGKJ2,IGKC,TGTCAGCAATATAGCAGCTATCCGTACACGTTC,CQQYSSYPYTF,0,0.000888889,0.000764526,0.000744463,,-0.000764526,0.000124363,-0.000020063,,,-0.000764526,0.000124363,-0.000020063
IGK,IGKV6-23,,IGKJ5,IGKC,TGTCAGCAATATAGCAGCTATCCTCTCACGTTC,CQQYSSYPLTF,0.00097561,0,0.000764526,0.000744463,,0.000211084,-0.000764526,-0.000020063,,,0.000211084,-0.000764526,-0.000020063
IGK,IGKV8-27,,IGKJ1,IGKC,TGTCATCAATACCTCTCCTCGTGGACGTTC,CHQYLSSWTF,0.000325203,0,0.000764526,0.000744463,,-0.000439323,-0.000764526,-0.000020063,,,-0.000439323,-0.000764526,-0.000020063
IGK,IGKV1-135,,IGKJ4,IGKC,TGCTGGCAAGGTACACATTTTCCATTCACGTTC,CWQGTHFPFTF,0.000650407,0,0.000764526,0.000558347,,-0.000114119,-0.000764526,-0.000206179,,,-0.000114119,-0.000764526,-0.000206179
IGK,IGKV4-53,,IGKJ5,IGKC,TGTCAACAGTGGAGTAGTTACCCACTCACGTTC,CQQWSSYPLTF,0,0.001777778,0.000764526,0.000558347,,-0.000764526,0.001013252,-0.000206179,,,-0.000764526,0.001013252,-0.000206179
IGK,IGKV4-57-1,,IGKJ2,IGKC,TGCCAGCAGTGGAGTAGTAACCCGTACACGTTC,CQQWSSNPYTF,0.000325203,0.000888889,0.000764526,0.000558347,,-0.000439323,0.000124363,-0.000206179,,,-0.000439323,0.000124363,-0.000206179
IGK,IGKV6-17,,IGKJ1,IGKC,TGTCAGCAACATTATAGTACTCCTCGGACGTTC,CQQHYSTPRTF,0,0.000888889,0.000764526,0.000558347,,-0.000764526,0.000124363,-0.000206179,,,-0.000764526,0.000124363,-0.000206179
IGK,IGKV12-46,,IGKJ1,IGKC,TGTCAACATTTTTGGGGTACTCCTCGGACGTTC,CQHFWGTPRTF,0,0,0.000764526,0.000372232,,-0.000764526,-0.000764526,-0.000392294,,,-0.000764526,-0.000764526,-0.000392294
IGK,IGKV17-127,,IGKJ5,IGKC,TGTTTGCAAAGTGATAACATGCCGCTCACGTTC,CLQSDNMPLTF,0,0.000888889,0.000764526,0.000372232,,-0.000764526,0.000124363,-0.000392294,,,-0.000764526,0.000124363,-0.000392294
IGK,IGKV4-68,,IGKJ4,IGKC,TGCCAGCAGTGGAGTAGTAACCCATTCACGTTC,CQQWSSNPFTF,0,0.002666667,0.000764526,0.000372232,,-0.000764526,0.001902141,-0.000392294,,,-0.000764526,0.001902141,-0.000392294
IGK,IGKV6-15,,IGKJ1,IGKC,TGTCAGCAATATAACAGCTATCCGTGGACGTTC,CQQYNSYPWTF,0,0,0.000764526,0.000372232,,-0.000764526,-0.000764526,-0.000392294,,,-0.000764526,-0.000764526,-0.000392294
IGK,IGKV9-124,,IGKJ2,IGKC,TGTCTACAATATGCTAGTTATCCGTACACGTTC,CLQYASYPYTF,0,0,0.000764526,0.000372232,,-0.000764526,-0.000764526,-0.000392294,,,-0.000764526,-0.000764526,-0.000392294
IGL,IGLV1,,IGLJ1,IGLC1,TGTGCTCTATGGTACAGCAACCACTGGGTGTTC,CALWYSNHWVF,0,0.000888889,0.000764526,0.000372232,,-0.000764526,0.000124363,-0.000392294,,,-0.000764526,0.000124363,-0.000392294
IGL,IGLV1,,IGLJ1,IGLC1,TGTGCTCTATGGTACAGCAACCTTTGGGTGTTC,CALWYSNLWVF,0,0,0.000764526,0.000372232,,-0.000764526,-0.000764526,-0.000392294,,,-0.000764526,-0.000764526,-0.000392294
IGK,IGKV1-135,,IGKJ2,IGKC,TGCTGGCAAGGTACACATTTTCCTCACACGTTC,CWQGTHFPHTF,0.000325203,0,0.000509684,0.001116695,,-0.000184481,-0.000509684,0.000607011,,,-0.000184481,-0.000509684,0.000607011
IGK,IGKV5-43,,IGKJ5,IGKC,TGTCAACAGAGTAACAGCTGGCCGCTCACGTTC,CQQSNSWPLTF,0.000325203,0,0.000509684,0.001116695,,-0.000184481,-0.000509684,0.000607011,,,-0.000184481,-0.000509684,0.000607011
IGK,IGKV12-41,,IGKJ2,IGKC,TGTCAACATTTTTGGAGTACTCCGTACACGTTC,CQHFWSTPYTF,0.000325203,0,0.000509684,0.000930579,,-0.000184481,-0.000509684,0.000420895,,,-0.000184481,-0.000509684,0.000420895
IGK,IGKV13-84,,IGKJ1,IGKC,TGTCAACAGTATTGGAGTACTCCGTGGACGTTC,CQQYWSTPWTF,0,0.000888889,0.000509684,0.000930579,,-0.000509684,0.000379205,0.000420895,,,-0.000509684,0.000379205,0.000420895
IGK,IGKV16-104,,IGKJ1,IGKC,TGTCAACAGCATAATGAATACCCGTGGACGTTC,CQQHNEYPWTF,0,0.000888889,0.000509684,0.000930579,,-0.000509684,0.000379205,0.000420895,,,-0.000509684,0.000379205,0.000420895
IGK,IGKV5-48,,IGKJ4,IGKC,TGTCAACAAAGTAATAGCTGGCCATTCACGTTC,CQQSNSWPFTF,0,0,0.000509684,0.000930579,,-0.000509684,-0.000509684,0.000420895,,,-0.000509684,-0.000509684,0.000420895
IGK,IGKV2-137,,IGKJ4,IGKC,TGTATGCAACATCTAGAATATCCATTCACGTTC,CMQHLEYPFTF,0,0,0.000509684,0.000744463,,-0.000509684,-0.000509684,0.000234779,,,-0.000509684,-0.000509684,0.000234779
IGK,IGKV3-2,,IGKJ1,IGKC,TGTCAGCAAAGTAAGGAGGTTCCGTGGACGTTC,CQQSKEVPWTF,0.000325203,0,0.000509684,0.000744463,,-0.000184481,-0.000509684,0.000234779,,,-0.000184481,-0.000509684,0.000234779
IGK,IGKV6-17,,IGKJ4,IGKC,TGTCAGCAACATTATAGTACTCCATTCACGTTC,CQQHYSTPFTF,0,0,0.000509684,0.000744463,,-0.000509684,-0.000509684,0.000234779,,,-0.000509684,-0.000509684,0.000234779
IGK,IGKV6-32,,IGKJ1,IGKC,TGTCAGCAGGATTATAGCTCTCCGTGGACGTTC,CQQDYSSPWTF,0,0,0.000509684,0.000744463,,-0.000509684,-0.000509684,0.000234779,,,-0.000509684,-0.000509684,0.000234779
IGK,IGKV6-32,,IGKJ2,IGKC,TGTCAGCAGGATTATAGCTCTCCGTACACGTTC,CQQDYSSPYTF,0,0,0.000509684,0.000744463,,-0.000509684,-0.000509684,0.000234779,,,-0.000509684,-0.000509684,0.000234779
IGK,IGKV14-111,,IGKJ2,IGKC,TGTCTACAGTATGATGAGTTGTACACGTTC,CLQYDELYTF,0.000325203,0,0.000509684,0.000558347,,-0.000184481,-0.000509684,0.000048663,,,-0.000184481,-0.000509684,0.000048663
IGK,IGKV17-127,,IGKJ4,IGKC,TGTTTGCAAAGTGATAACATGCCATTCACGTTC,CLQSDNMPFTF,0,0,0.000509684,0.000558347,,-0.000509684,-0.000509684,0.000048663,,,-0.000509684,-0.000509684,0.000048663
IGK,IGKV2-109,,IGKJ1,IGKC,TGTGCTCAAAATCTAGAACTTCCGTGGACGTTC,CAQNLELPWTF,0,0,0.000509684,0.000558347,,-0.000509684,-0.000509684,0.000048663,,,-0.000509684,-0.000509684,0.000048663
IGK,IGKV3-5,,IGKJ5,IGKC,TGTCAGCAAAGTAATGAGGATCCGCTCACGTTC,CQQSNEDPLTF,0,0,0.000509684,0.000558347,,-0.000509684,-0.000509684,0.000048663,,,-0.000509684,-0.000509684,0.000048663
IGK,IGKV4-57-1,,IGKJ4,IGKC,TGCCAGCAGTACAGTGGTTACCCACTCACGTTC,CQQYSGYPLTF,0.000650407,0,0.000509684,0.000558347,,0.000140723,-0.000509684,0.000048663,,,0.000140723,-0.000509684,0.000048663
IGK,IGKV6-23,,IGKJ5,IGKC,TGTCAGCAATATAGCAGCTATCCGCTCACGTTC,CQQYSSYPLTF,0,0.000888889,0.000509684,0.000558347,,-0.000509684,0.000379205,0.000048663,,,-0.000509684,0.000379205,0.000048663
IGK,IGKV9-124,,IGKJ1,IGKC,TGTCTACAATATGCTAGTTATCCGTGGACGTTC,CLQYASYPWTF,0,0,0.000509684,0.000558347,,-0.000509684,-0.000509684,0.000048663,,,-0.000509684,-0.000509684,0.000048663
IGK,IGKV1-117,,IGKJ1,IGKC,TGCTTTCAAGGTTCACATGTTCCTCCGACGTTC,CFQGSHVPPTF,0,0,0.000509684,0.000372232,,-0.000509684,-0.000509684,-0.000137452,,,-0.000509684,-0.000509684,-0.000137452
IGK,IGKV10-96,,IGKJ4,IGKC,TGCCAACAGGGTAATACGCTTCCATTCACGTTC,CQQGNTLPFTF,0,0,0.000509684,0.000372232,,-0.000509684,-0.000509684,-0.000137452,,,-0.000509684,-0.000509684,-0.000137452
IGK,IGKV14-100,,IGKJ2,IGKC,TGTGTACAGTATGCTCAGTTTCCGTACACGTTC,CVQYAQFPYTF,0,0,0.000509684,0.000372232,,-0.000509684,-0.000509684,-0.000137452,,,-0.000509684,-0.000509684,-0.000137452
IGK,IGKV2-137,,IGKJ5,IGKC,TGTATGCAACATCTAGAATATCCGCTCACGTTC,CMQHLEYPLTF,0.000325203,0,0.000509684,0.000372232,,-0.000184481,-0.000509684,-0.000137452,,,-0.000184481,-0.000509684,-0.000137452
IGK,IGKV4-63,,IGKJ5,IGKC,TGTTTTCAGGGGAGTGGGTACCCACTCACGTTC,CFQGSGYPLTF,0,0,0.000509684,0.000372232,,-0.000509684,-0.000509684,-0.000137452,,,-0.000509684,-0.000509684,-0.000137452
IGK,IGKV4-91,,IGKJ4,IGKC,TGCCAGCAGGGTAGTAGTATACCATTCACGTTC,CQQGSSIPFTF,0,0,0.000509684,0.000372232,,-0.000509684,-0.000509684,-0.000137452,,,-0.000509684,-0.000509684,-0.000137452
IGK,IGKV6-32,,IGKJ4,IGKC,TGTCAGCAGGATTATAGCTCTCCATTCACGTTC,CQQDYSSPFTF,0,0,0.000509684,0.000372232,,-0.000509684,-0.000509684,-0.000137452,,,-0.000509684,-0.000509684,-0.000137452
IGK,IGKV8-21,,IGKJ1,IGKC,TGCAAGCAATCTTATAATCTGTGGACGTTC,CKQSYNLWTF,0,0,0.000509684,0.000372232,,-0.000509684,-0.000509684,-0.000137452,,,-0.000509684,-0.000509684,-0.000137452
IGK,IGKV8-24,,IGKJ1,IGKC,TGTCAGCAACATTATAGCACTCCTCGGACGTTC,CQQHYSTPRTF,0.000325203,0,0.000509684,0.000372232,,-0.000184481,-0.000509684,-0.000137452,,,-0.000184481,-0.000509684,-0.000137452
IGK,IGKV8-27,,IGKJ5,IGKC,TGTCATCAATACCTCTCCTCGCTCACGTTC,CHQYLSSLTF,0,0,0.000509684,0.000372232,,-0.000509684,-0.000509684,-0.000137452,,,-0.000509684,-0.000509684,-0.000137452
IGK,IGKV8-28,,IGKJ5,IGKC,TGTCAGAATGATCATAGTTATCCGCTCACGTTC,CQNDHSYPLTF,0,0,0.000509684,0.000372232,,-0.000509684,-0.000509684,-0.000137452,,,-0.000509684,-0.000509684,-0.000137452
IGK,IGKV9-120,,IGKJ5,IGKC,TGTCTACAATATGCTAGTTCTCCTCCCACGTTC,CLQYASSPPTF,0.000325203,0,0.000509684,0.000372232,,-0.000184481,-0.000509684,-0.000137452,,,-0.000184481,-0.000509684,-0.000137452
IGK,IGKV17-121,,IGKJ2,IGKC,TGTTTGCAAAGTGATAACTTGCCGTACACGTTC,CLQSDNLPYTF,0,0.000888889,0.000254842,0.00130281,,-0.000254842,0.000634047,0.001047968,,,-0.000254842,0.000634047,0.001047968
IGK,IGKV8-24,,IGKJ4,IGKC,TGTCAGCAACATTATAGCACTCCATTCACGTTC,CQQHYSTPFTF,0,0,0.000254842,0.00130281,,-0.000254842,-0.000254842,0.001047968,,,-0.000254842,-0.000254842,0.001047968
IGK,IGKV10-94,,IGKJ2,IGKC,TGTCAGCAGTATAGTAAGCTTCCGTACACGTTC,CQQYSKLPYTF,0,0,0.000254842,0.001116695,,-0.000254842,-0.000254842,0.000861853,,,-0.000254842,-0.000254842,0.000861853
IGK,IGKV16-104,,IGKJ2,IGKC,TGTCAACAGCATAATGAATACCCGTACACGTTC,CQQHNEYPYTF,0,0.000888889,0.000254842,0.000930579,,-0.000254842,0.000634047,0.000675737,,,-0.000254842,0.000634047,0.000675737
IGK,IGKV3-10,,IGKJ1,IGKC,TGTCAGCAAAATAATGAGGATCCGTGGACGTTC,CQQNNEDPWTF,0,0,0.000254842,0.000930579,,-0.000254842,-0.000254842,0.000675737,,,-0.000254842,-0.000254842,0.000675737
IGK,IGKV4-57,,IGKJ2,IGKC,TGCCAGCAAAGGAGTAGTTACCCGTACACGTTC,CQQRSSYPYTF,0,0,0.000254842,0.000930579,,-0.000254842,-0.000254842,0.000675737,,,-0.000254842,-0.000254842,0.000675737
IGK,IGKV8-24,,IGKJ5,IGKC,TGTCAGCAACATTATAGCACTCCTCTCACGTTC,CQQHYSTPLTF,0,0,0.000254842,0.000930579,,-0.000254842,-0.000254842,0.000675737,,,-0.000254842,-0.000254842,0.000675737
IGK,IGKV9-120,,IGKJ4,IGKC,TGTCTACAATATGCTAGTTCTCCATTCACGTTC,CLQYASSPFTF,0.000325203,0,0.000254842,0.000930579,,0.000070361,-0.000254842,0.000675737,,,0.000070361,-0.000254842,0.000675737
IGK,IGKV12-46,,IGKJ5,IGKC,TGTCAACATTTTTGGGGTACTCCGCTCACGTTC,CQHFWGTPLTF,0,0,0.000254842,0.000744463,,-0.000254842,-0.000254842,0.000489621,,,-0.000254842,-0.000254842,0.000489621
IGK,IGKV9-120,,IGKJ1,IGKC,TGTCTACAATATGCTAGTTCTCCTCCGACGTTC,CLQYASSPPTF,0,0,0.000254842,0.000744463,,-0.000254842,-0.000254842,0.000489621,,,-0.000254842,-0.000254842,0.000489621
IGK,IGKV1-110,,IGKJ2,IGKC,TGCTCTCAAAGTACACATGTTCCTCCGTACACGTTC,CSQSTHVPPYTF,0,0,0.000254842,0.000558347,,-0.000254842,-0.000254842,0.000303505,,,-0.000254842,-0.000254842,0.000303505
IGK,IGKV1-135,,IGKJ5,IGKC,TGCTGGCAAGGTACACATTTTCCGCTCACGTTC,CWQGTHFPLTF,0,0,0.000254842,0.000558347,,-0.000254842,-0.000254842,0.000303505,,,-0.000254842,-0.000254842,0.000303505
IGK,IGKV12-38,,IGKJ1,IGKC,TGTAAACAGGCTTATGACGTTCCGTGGACGTTC,CKQAYDVPWTF,0,0,0.000254842,0.000558347,,-0.000254842,-0.000254842,0.000303505,,,-0.000254842,-0.000254842,0.000303505
IGK,IGKV12-44,,IGKJ1,IGKC,TGTCAACATCATTATGGTACTCCTCCGACGTTC,CQHHYGTPPTF,0,0.000888889,0.000254842,0.000558347,,-0.000254842,0.000634047,0.000303505,,,-0.000254842,0.000634047,0.000303505
IGK,IGKV15-103,,IGKJ1,IGKC,TGTCAACAGGGTCAAAGTTATCCTCTGACGTTC,CQQGQSYPLTF,0,0,0.000254842,0.000558347,,-0.000254842,-0.000254842,0.000303505,,,-0.000254842,-0.000254842,0.000303505
IGK,IGKV3-2,,IGKJ4,IGKC,TGTCAGCAAAGTAAGGAGGTTCCATTCACGTTC,CQQSKEVPFTF,0,0,0.000254842,0.000558347,,-0.000254842,-0.000254842,0.000303505,,,-0.000254842,-0.000254842,0.000303505
IGK,IGKV6-15,,IGKJ2,IGKC,TGTCAGCAATATAACAGCTATCCTTACACGTTC,CQQYNSYPYTF,0,0,0.000254842,0.000558347,,-0.000254842,-0.000254842,0.000303505,,,-0.000254842,-0.000254842,0.000303505
IGK,IGKV6-15,,IGKJ4,IGKC,TGTCAGCAATATAACAGCTATCCATTCACGTTC,CQQYNSYPFTF,0,0,0.000254842,0.000558347,,-0.000254842,-0.000254842,0.000303505,,,-0.000254842,-0.000254842,0.000303505
IGK,IGKV6-20,,IGKJ4,IGKC,TGTGGACAGAGTTACAGCTATCCATTCACGTTC,CGQSYSYPFTF,0,0.000888889,0.000254842,0.000558347,,-0.000254842,0.000634047,0.000303505,,,-0.000254842,0.000634047,0.000303505
IGK,IGKV6-25,,IGKJ1,IGKC,TGTCAGCAACATTATAGCACTCCTCCGACGTTC,CQQHYSTPPTF,0,0,0.000254842,0.000558347,,-0.000254842,-0.000254842,0.000303505,,,-0.000254842,-0.000254842,0.000303505
IGK,IGKV8-19,,IGKJ4,IGKC,TGTCAGAATGATTATAGTTATCCATTCACGTTC,CQNDYSYPFTF,0,0,0.000254842,0.000558347,,-0.000254842,-0.000254842,0.000303505,,,-0.000254842,-0.000254842,0.000303505
IGK,IGKV1-110,,IGKJ5,IGKC,TGCTCTCAAAGTACACATGTTCCTCTCACGTTC,CSQSTHVPLTF,0,0,0.000254842,0.000372232,,-0.000254842,-0.000254842,0.00011739,,,-0.000254842,-0.000254842,0.00011739
IGK,IGKV10-96,,IGKJ1,IGKC,TGCCAACAGGGTAATACGCTGTGGACGTTC,CQQGNTLWTF,0,0,0.000254842,0.000372232,,-0.000254842,-0.000254842,0.00011739,,,-0.000254842,-0.000254842,0.00011739
IGK,IGKV12-44,,IGKJ4,IGKC,TGTCAACATCATTATGGTACTCCATTCACGTTC,CQHHYGTPFTF,0.000325203,0.000888889,0.000254842,0.000372232,,0.000070361,0.000634047,0.00011739,,,0.000070361,0.000634047,0.00011739
IGK,IGKV14-126,,IGKJ1,IGKC,TGTCTACAGCATGGTGAGAGCCCGTGGACGTTC,CLQHGESPWTF,0.000325203,0,0.000254842,0.000372232,,0.000070361,-0.000254842,0.00011739,,,0.000070361,-0.000254842,0.00011739
IGK,IGKV14-126,,IGKJ4,IGKC,TGTCTACAGCATGGTGAGAGCCCATTCACGTTC,CLQHGESPFTF,0,0,0.000254842,0.000372232,,-0.000254842,-0.000254842,0.00011739,,,-0.000254842,-0.000254842,0.00011739
IGK,IGKV16-104,,IGKJ5,IGKC,TGTCAACAGCATAATGAATACCCGCTCACGTTC,CQQHNEYPLTF,0,0.002666667,0.000254842,0.000372232,,-0.000254842,0.002411825,0.00011739,,,-0.000254842,0.002411825,0.00011739
IGK,IGKV17-121,,IGKJ5,IGKC,TGTTTGCAAAGTGATAACTTGCCGCTCACGTTC,CLQSDNLPLTF,0,0,0.000254842,0.000372232,,-0.000254842,-0.000254842,0.00011739,,,-0.000254842,-0.000254842,0.00011739
IGK,IGKV3-10,,IGKJ4,IGKC,TGTCAGCAAAATAATGAGGATCCATTCACGTTC,CQQNNEDPFTF,0,0,0.000254842,0.000372232,,-0.000254842,-0.000254842,0.00011739,,,-0.000254842,-0.000254842,0.00011739
IGK,IGKV3-12,,IGKJ1,IGKC,TGTCAGCACAGTAGGGAGCTTCCGTGGACGTTC,CQHSRELPWTF,0,0,0.000254842,0.000372232,,-0.000254842,-0.000254842,0.00011739,,,-0.000254842,-0.000254842,0.00011739
IGK,IGKV3-5,,IGKJ1,IGKC,TGTCAGCAAAGTAATGAGGATCCTCCGACGTTC,CQQSNEDPPTF,0.000325203,0.000888889,0.000254842,0.000372232,,0.000070361,0.000634047,0.00011739,,,0.000070361,0.000634047,0.00011739
IGK,IGKV4-58,,IGKJ4,IGKC,TGCCAGCAGTGGAGTGGTTACCCATTCACGTTC,CQQWSGYPFTF,0,0,0.000254842,0.000372232,,-0.000254842,-0.000254842,0.00011739,,,-0.000254842,-0.000254842,0.00011739
IGK,IGKV4-69,,IGKJ4,IGKC,TGCCATCAGCGGAGTAGTTACCCATTCACGTTC,CHQRSSYPFTF,0,0,0.000254842,0.000372232,,-0.000254842,-0.000254842,0.00011739,,,-0.000254842,-0.000254842,0.00011739
IGK,IGKV5-43,,IGKJ4,IGKC,TGTCAACAGAGTAACAGCTGGCCATTCACGTTC,CQQSNSWPFTF,0,0,0.000254842,0.000372232,,-0.000254842,-0.000254842,0.00011739,,,-0.000254842,-0.000254842,0.00011739
IGK,IGKV5-48,,IGKJ1,IGKC,TGTCAACAAAGTAATAGCTGGCCGTGGACGTTC,CQQSNSWPWTF,0,0,0.000254842,0.000372232,,-0.000254842,-0.000254842,0.00011739,,,-0.000254842,-0.000254842,0.00011739
IGK,IGKV5-48,,IGKJ5,IGKC,TGTCAACAAAGTAATAGCTGGCCGCTCACGTTC,CQQSNSWPLTF,0.000325203,0,0.000254842,0.000372232,,0.000070361,-0.000254842,0.00011739,,,0.000070361,-0.000254842,0.00011739
IGK,IGKV6-20,,IGKJ2,IGKC,TGTGGACAGAGTTACAGCTATCCGTACACGTTC,CGQSYSYPYTF,0,0,0.000254842,0.000372232,,-0.000254842,-0.000254842,0.00011739,,,-0.000254842,-0.000254842,0.00011739
IGK,IGKV8-27,,IGKJ2,IGKC,TGTCATCAATACCTCTCCTCGCGCACGTTC,CHQYLSSRTF,0,0,0.000254842,0.000372232,,-0.000254842,-0.000254842,0.00011739,,,-0.000254842,-0.000254842,0.00011739
IGL,IGLV2,,IGLJ2,IGLC2,TGTGCTCTATGGTACAGCACCCATTTTGTTTTC,CALWYSTHFVF,0,0,0.000254842,0.000372232,,-0.000254842,-0.000254842,0.00011739,,,-0.000254842,-0.000254842,0.00011739
IGK,IGKV12-44,,IGKJ5,IGKC,TGTCAACATCATTATGGTACTCCTCTCACGTTC,CQHHYGTPLTF,0,0,0,0.001116695,,0,0,0.001116695,,,0,0,0.001116695
IGK,IGKV13-84,,IGKJ5,IGKC,TGTCAACAGTATTGGAGTACTCCGCTCACGTTC,CQQYWSTPLTF,0,0,0,0.000930579,,0,0,0.000930579,,,0,0,0.000930579
IGK,IGKV15-103,,IGKJ2,IGKC,TGTCAACAGGGTCAAAGTTATCCGTACACGTTC,CQQGQSYPYTF,0,0,0,0.000744463,,0,0,0.000744463,,,0,0,0.000744463
IGK,IGKV3-12,,IGKJ2,IGKC,TGTCAGCACAGTAGGGAGCTTCCGTACACGTTC,CQHSRELPYTF,0,0,0,0.000744463,,0,0,0.000744463,,,0,0,0.000744463
IGK,IGKV3-2,,IGKJ1,IGKC,TGTCAGCAAAGTAAGGAGGTTCCTCGGACGTTC,CQQSKEVPRTF,0.000325203,0,0,0.000744463,,0.000325203,0,0.000744463,,,0.000325203,0,0.000744463
IGK,IGKV6-32,,IGKJ5,IGKC,TGTCAGCAGGATTATAGCTCTCCGCTCACGTTC,CQQDYSSPLTF,0,0.002666667,0,0.000744463,,0,0.002666667,0.000744463,,,0,0.002666667,0.000744463
IGH;IGK,IGHV1-55;IGKV8-27,IGHD2-4;,IGHJ2;IGKJ2,IGHA;IGKC,TGTACAATCTTTGATTTCGACGAGGACTTTGACTACTGG;TGTCTTCAATACCTCTCCTCGTACACGTTC,CTIFDFDEDFDYW;CLQYLSSYTF,0,0,0,0.000558347,,0,0,0.000558347,,,0,0,0.000558347
IGH;IGK,IGHV1-69;IGKV12-46,;,IGHJ4;IGKJ5,IGHM;IGKC,TGTGCAAGAAGGTGGCATCACTATGCTATGGACTACTGG;TGTCAACATTTTTGGGGTACTCCGCTCACGTTC,CARRWHHYAMDYW;CQHFWGTPLTF,0,0,0,0.000558347,,0,0,0.000558347,,,0,0,0.000558347
IGK,IGKV10-96,,IGKJ5,IGKC,TGCCAACAGGGTAATACGCTTCCGCTCACGTTC,CQQGNTLPLTF,0,0.000888889,0,0.000558347,,0,0.000888889,0.000558347,,,0,0.000888889,0.000558347
IGK,IGKV12-41,,IGKJ1,IGKC,TGTCAACATTTTTGGAGTACTCCTCGGACGTTC,CQHFWSTPRTF,0,0,0,0.000558347,,0,0,0.000558347,,,0,0,0.000558347
IGK,IGKV12-98,,IGKJ1,IGKC,TGTCAACAACTTTACAGTACTCCGTGGACGTTC,CQQLYSTPWTF,0,0,0,0.000558347,,0,0,0.000558347,,,0,0,0.000558347
IGK,IGKV19-93,,IGKJ2,IGKC,TGTCTACAGTATGATAATCTGTACACGTTC,CLQYDNLYTF,0,0,0,0.000558347,,0,0,0.000558347,,,0,0,0.000558347
IGK,IGKV5-39,,IGKJ5,IGKC,TGTCAAAATGGTCACAGCTTTCCGCTCACGTTC,CQNGHSFPLTF,0,0,0,0.000558347,,0,0,0.000558347,,,0,0,0.000558347
IGK,IGKV6-13,,IGKJ2,IGKC,TGCCAGCAATATAGCAGCTATCCTCTCACGTTC,CQQYSSYPLTF,0.000325203,0,0,0.000558347,,0.000325203,0,0.000558347,,,0.000325203,0,0.000558347
IGK,IGKV6-14,,IGKJ5,IGKC,TGTCTGCAACATTGGAATTATCCGCTCACGTTC,CLQHWNYPLTF,0,0,0,0.000558347,,0,0,0.000558347,,,0,0,0.000558347
IGK,IGKV8-21,,IGKJ2,IGKC,TGCAAGCAATCTTATAATCTGTACACGTTC,CKQSYNLYTF,0,0,0,0.000558347,,0,0,0.000558347,,,0,0,0.000558347
IGK,IGKV8-27,,IGKJ1,IGKC,TGTCATCAATACCTCTCCTCGCGGACGTTC,CHQYLSSRTF,0.000325203,0,0,0.000558347,,0.000325203,0,0.000558347,,,0.000325203,0,0.000558347
IGH;IGK,IGHV1-18;IGKV9-123,IGHD1-1;,IGHJ3;IGKJ1,IGHM;IGKC,TGTGCAAGAGATTACTACGGTATCCCGTTTGCTTACTGG;TGTCTACAGCGTAATGCGTATCCGTGGACGTTC,CARDYYGIPFAYW;CLQRNAYPWTF,0,0,0,0.000372232,,0,0,0.000372232,,,0,0,0.000372232
IGH;IGK,IGHV1-5;IGKV13-84,IGHD4-1;,IGHJ4;IGKJ2,IGHD;IGKC,TGTACAAGTCCCCTAACTGGGACTGATTACTATGCTATGGACTACTGG;TGTCAACAGTATTGGAGTACTCCGTACACGTTC,CTSPLTGTDYYAMDYW;CQQYWSTPYTF,0,0,0,0.000372232,,0,0,0.000372232,,,0,0,0.000372232
IGH;IGK,IGHV1-55;IGKV19-93,;,IGHJ3;IGKJ1,IGHM;IGKC,TGTGCAACCCTTGCTTACTGG;TGTCTACAGTATGATAATCTGTGGACGTTC,CATLAYW;CLQYDNLWTF,0,0,0,0.000372232,,0,0,0.000372232,,,0,0,0.000372232
IGH;IGL,IGHV1-64;IGLV2,IGHD3-2;,IGHJ4;IGLJ2,IGHM;IGLC2,TGTGCAAGACGGCAGCTCAGGCCCTACTATGCTATGGACTACTGG;TGTGCTCTATGGTACAGCACCCATTATGTTTTC,CARRQLRPYYAMDYW;CALWYSTHYVF,0,0,0,0.000372232,,0,0,0.000372232,,,0,0,0.000372232
IGH;IGK;IGL,IGHV1-64;IGKV13-84;IGLV2,IGHD3-2;;,IGHJ4;IGKJ1;IGLJ2,IGHM;IGKC;IGLC2,TGTGCAAGACGGCAGCTCAGGCCCTACTATGCTATGGACTACTGG;TGTCAACAGTATTGGAGTACTCCGTGGACGTTC;TGTGCTCTATGGTACAGCACCCATTATGTTTTC,CARRQLRPYYAMDYW;CQQYWSTPWTF;CALWYSTHYVF,0,0,0,0.000372232,,0,0,0.000372232,,,0,0,0.000372232
IGK,IGKV1-110,,IGKJ5,IGKC,TGCTCTCAAAGTACACATGTTCCTCCGCTCACGTTC,CSQSTHVPPLTF,0,0,0,0.000372232,,0,0,0.000372232,,,0,0,0.000372232
IGK,IGKV1-133,,IGKJ2,IGKC,TGCGTGCAAGGTACACATTTTCCGTACACGTTC,CVQGTHFPYTF,0,0,0,0.000372232,,0,0,0.000372232,,,0,0,0.000372232
IGK,IGKV10-96,,IGKJ4,IGKC,TGCCAACAGGGTAATACGCTTCCTCCCACGTTC,CQQGNTLPPTF,0,0,0,0.000372232,,0,0,0.000372232,,,0,0,0.000372232
IGK,IGKV12-44,,IGKJ1,IGKC,TGTCAACATCATTATGGTACTCCTCGGACGTTC,CQHHYGTPRTF,0,0,0,0.000372232,,0,0,0.000372232,,,0,0,0.000372232
IGK,IGKV13-85,,IGKJ5,IGKC,TGTCAACAGTATTGGAGTACTCCTCCCACGTTC,CQQYWSTPPTF,0,0,0,0.000372232,,0,0,0.000372232,,,0,0,0.000372232
IGK,IGKV14-111,,IGKJ5,IGKC,TGTCTACAGTATGATGAGTTTCCTCTCACGTTC,CLQYDEFPLTF,0,0,0,0.000372232,,0,0,0.000372232,,,0,0,0.000372232
IGK,IGKV14-126,,IGKJ5,IGKC,TGTCTACAGCATGGTGAGAGCCCGCTCACGTTC,CLQHGESPLTF,0,0,0,0.000372232,,0,0,0.000372232,,,0,0,0.000372232
IGK,IGKV15-103,,IGKJ1,IGKC,TGTCAACAGGGTCAAAGTTATCCGTGGACGTTC,CQQGQSYPWTF,0.000650407,0,0,0.000372232,,0.000650407,0,0.000372232,,,0.000650407,0,0.000372232
IGK,IGKV15-103,,IGKJ5,IGKC,TGTCAACAGGGTCAAAGTTATCCGCTCACGTTC,CQQGQSYPLTF,0,0,0,0.000372232,,0,0,0.000372232,,,0,0,0.000372232
IGK,IGKV19-93,,IGKJ1,IGKC,TGTCTACAGTATGATAATCTTCTGTGGACGTTC,CLQYDNLLWTF,0,0,0,0.000372232,,0,0,0.000372232,,,0,0,0.000372232
IGK,IGKV4-57-1,,IGKJ2,IGKC,TGCCAGCAGTACAGTGGTTACCCGTACACGTTC,CQQYSGYPYTF,0.000325203,0,0,0.000372232,,0.000325203,0,0.000372232,,,0.000325203,0,0.000372232
IGK,IGKV4-57-1,,IGKJ4,IGKC,TGCCAGCAGTACAGTGGTTACCCATTCACGTTC,CQQYSGYPFTF,0.000325203,0,0,0.000372232,,0.000325203,0,0.000372232,,,0.000325203,0,0.000372232
IGK,IGKV4-70,,IGKJ1,IGKC,TGCCATCAGCGGAGTAGTTACCCATGGACGTTC,CHQRSSYPWTF,0,0,0,0.000372232,,0,0,0.000372232,,,0,0,0.000372232
IGK,IGKV4-79,,IGKJ1,IGKC,TGCCATCAGTGGAGTAGTTACCCACCGACGTTC,CHQWSSYPPTF,0,0,0,0.000372232,,0,0,0.000372232,,,0,0,0.000372232
IGK,IGKV6-23,,IGKJ1,IGKC,TGTCAGCAATATAGCAGCTATCCGTGGACGTTC,CQQYSSYPWTF,0,0,0,0.000372232,,0,0,0.000372232,,,0,0,0.000372232
IGK,IGKV6-23,,IGKJ4,IGKC,TGTCAGCAATATAGCAGCTATCCATTCACGTTC,CQQYSSYPFTF,0,0,0,0.000372232,,0,0,0.000372232,,,0,0,0.000372232
IGK,IGKV8-21,,IGKJ5,IGKC,TGCAAGCAATCTTATAATCTTCTCACGTTC,CKQSYNLLTF,0,0,0,0.000372232,,0,0,0.000372232,,,0,0,0.000372232
IGK,IGKV8-30,,IGKJ1,IGKC,TGTCAGCAATATTATAGCTATCCGTGGACGTTC,CQQYYSYPWTF,0,0,0,0.000372232,,0,0,0.000372232,,,0,0,0.000372232
IGK,IGKV8-30,,IGKJ5,IGKC,TGTCAGCAATATTATAGCTATCCGCTCACGTTC,CQQYYSYPLTF,0.000325203,0,0,0.000372232,,0.000325203,0,0.000372232,,,0.000325203,0,0.000372232
IGH;IGK,IGHV1-11;IGKV17-121,IGHD1-1;,IGHJ1;IGKJ2,IGHD;IGKC,TGTGTCCTTACTACGGTAGTAGGGGGGTACTTCGATGTCTGG;TGTTTGCAAAGTGATAACTTGCCGTACACGTTC,CVLTTVVGGYFDVW;CLQSDNLPYTF,0,0,0,0.000186116,,0,0,0.000186116,,,0,0,0.000186116
IGH;IGH;IGK,IGHV1-11;IGHV9-4;IGKV3-5,IGHD1-1;IGHD2-8;,IGHJ2;IGHJ4;IGKJ2,IGHM;IGHM;IGKC,TGTGGAAGGCTAGTAGCTAAAGGCGGGAACTACTTTGACTACTGG;TGTGCGAGAGACTATGGTAACTACGAGAGTGGGGCTATGGACTACTGG;TGTCAGCAAAGTAATGAGGATCCGTACACGTTC,CGRLVAKGGNYFDYW;CARDYGNYESGAMDYW;CQQSNEDPYTF,0,0,0,0.000186116,,0,0,0.000186116,,,0,0,0.000186116
IGH;IGK,IGHV1-11;IGKV2-109,IGHD1-1;,IGHJ2;IGKJ1,IGHM;IGKC,TGTGGCTACGGTAGTAGCCTTGACTACTGG;TGTGCTCAAAATCTAGAACTTCCGTGGACGTTC,CGYGSSLDYW;CAQNLELPWTF,0,0,0,0.000186116,,0,0,0.000186116,,,0,0,0.000186116
IGH;IGK,IGHV1-11;IGKV12-46,IGHD2-4;,IGHJ2;IGKJ5,IGHA;IGKC,TGTACAATCTTTGATTTCGACGAGGACTTTGACTACTGG;TGTCAACATTTTTGGGGTACTCCGCTCACGTTC,CTIFDFDEDFDYW;CQHFWGTPLTF,0,0,0,0.000186116,,0,0,0.000186116,,,0,0,0.000186116
IGH;IGK,IGHV1-11;IGKV17-127,IGHD2-6;,IGHJ4;IGKJ5,IGHD;IGKC,TGTGGAAGAGGCTATAGTAACTACGGGGGGTATGCTATGGACTACTGG;TGTTTGCAAAGTGATAACATGCCTCTCACGTTC,CGRGYSNYGGYAMDYW;CLQSDNMPLTF,0,0,0,0.000186116,,0,0,0.000186116,,,0,0,0.000186116
IGH;IGK,IGHV1-12;IGKV5-39,IGHD1-1;,IGHJ1;IGKJ4,IGHD;IGKC,TGTGCAAGATCGAACTACGGTAGTAGCTACTGGTACTTCGATGTCTGG;TGTCAAAATGGTCACAGCTTTCCATTCACGTTC,CARSNYGSSYWYFDVW;CQNGHSFPFTF,0,0,0,0.000186116,,0,0,0.000186116,,,0,0,0.000186116
IGH;IGK,IGHV1-12;IGKV10-96,IGHD1-1;,IGHJ1;IGKJ1,IGHM;IGKC,TGTGCAAGAGAGGACTACGGTAGTAGCTACAAGTACTTCGATGTCTGG;TGCCAACAGGGTAATACGTGGACGTTC,CAREDYGSSYKYFDVW;CQQGNTWTF,0,0,0,0.000186116,,0,0,0.000186116,,,0,0,0.000186116
IGH;IGK;IGK,IGHV1-12;IGKV1-110;IGKV13-84,IGHD2-4;;,IGHJ1;IGKJ2;IGKJ1,IGHM;IGKC;IGKC,TGTGCAAGAGATGATTACGACTGGTACTTCGATGTCTGG;TGCTCTCAAAGTACACATGTTCCTCCGTACACGTTC;TGTCAACAGTATTGGAGTACTCCGTGGACGTTC,CARDDYDWYFDVW;CSQSTHVPPYTF;CQQYWSTPWTF,0,0,0,0.000186116,,0,0,0.000186116,,,0,0,0.000186116
IGH;IGK;IGK,IGHV1-12;IGKV17-121;IGKV4-68,IGHD3-1;;,IGHJ1;IGKJ2;IGKJ5,IGHM;IGKC;IGKC,TGTGCAAGAAATGGGGCTACGGACTGGTACTTCGATGTCTGG;TGTTTGCAAAGTGATAACTTGCCTCTCACGTTC;TGCCAGCAGTGGAGTAGTAACCCGCTCACGTTC,CARNGATDWYFDVW;CLQSDNLPLTF;CQQWSSNPLTF,0,0,0,0.000186116,,0,0,0.000186116,,,0,0,0.000186116
IGH;IGK,IGHV1-12;IGKV1-117,;,IGHJ2;IGKJ2,IGHD;IGKC,TGTGCAAGAGGAGGTGACTACTGG;TGCTTTCAAGGTTCACATGTTCCGTACACGTTC,CARGGDYW;CFQGSHVPYTF,0,0,0,0.000186116,,0,0,0.000186116,,,0,0,0.000186116
IGH;IGK,IGHV1-12;IGKV17-121,IGHD1-1;,IGHJ2;IGKJ2,IGHD;IGKC,TGTGCAAGAGGGGCTACGGTTAGATTTGACTACTGG;TGTTTGCAAAGTGATAACTTGCCGTACACGTTC,CARGATVRFDYW;CLQSDNLPYTF,0,0,0,0.000186116,,0,0,0.000186116,,,0,0,0.000186116
IGH;IGK;IGK,IGHV1-12;IGKV1-110;IGKV4-50,IGHD1-1;;,IGHJ2;IGKJ2;IGKJ4,IGHM;IGKC;IGKC,TGTGCAAGATCGGATTACTACGGTAGTACCGCTGACTACTGG;TGCTCTCAAAGTACACATGTTCCGTACACGTTC;TGCCAGCAGTTTACTAGTTCCCCATTCACGTTC,CARSDYYGSTADYW;CSQSTHVPYTF;CQQFTSSPFTF,0,0,0,0.000186116,,0,0,0.000186116,,,0,0,0.000186116
